,Title,Length,Score,Expect
0,CAGCAGAGGA,2011,4022,0
1,AAGAATTTAC,1951,3902,0
2,CTTCCTCGTC,300,580,4.46274e-143
3,CCGGCGACAT,241,477,7.56385e-115
4,CCGGCGTAGC,212,424,9.84722e-101
5,CTCCATCTGT,204,398,1.12357e-93
6,TTAGCTAAAG,164,328,1.12456e-74
7,CAGCAGAGGA,2011,4022,0
8,AAGAATTTAC,1951,3902,0
9,CCGGCGACAT,314,623,1.77571e-154
10,CTTCCTCGTC,300,580,4.46274e-143
11,CCGGCGTAGC,212,424,9.84722e-101
12,CTCCATCTGT,204,398,1.12357e-93
13,TTAGCTAAAG,164,328,1.12456e-74
14,ATTACCAGCA,2016,3277,0
15,GTTTTTGCAT,1998,3084,0
16,GGCGACATAG,789,868,0
17,CTTCCTCGTC,306,428,8.08309e-102
18,CCGGCGTAGC,212,356,2.82377e-82
19,CTCCATCTGT,204,348,4.19085e-80
20,CTTAGAATCG,2419,3277,0
21,TATAA-TTAT,2246,3188,0
22,ACTTACCCGG,1931,1626,0
23,TGACAGTTTT,375,328,1.12456e-74
24,TGACAGTTTT,372,295,1.90432e-65
25,AAGAAGAGAG,500,278,4.19455e-61
26,TGGCAAATTG,335,266,7.58392e-58
27,GTGGGCGTGG,272,260,3.22477e-56
28,AGTGTGGGCG,271,254,1.37121e-54
29,CAGTTTTTTG,412,250,1.67047e-53
30,CGGTTTGTGG,408,247,2.03505e-52
31,TGCGCTGCTT,237,245,7.10302e-52
32,TTTTTGGCAA,336,242,2.4792e-51
33,AGTGTGGGCG,258,241,8.65325e-51
34,CTTAGAATCG,2419,3277,0
35,TATAA-TTAT,2246,3184,0
36,ACTTACCCGG,1931,1623,0
37,TGACAGTTTT,375,328,1.12456e-74
38,TGACAGTTTT,372,295,1.90432e-65
39,AAGAAGAGAG,500,278,4.19455e-61
40,TGGCAAATTG,335,268,2.17283e-58
41,GTGGGCGTGG,272,260,3.22477e-56
42,AGTGTGGGCG,271,254,1.37121e-54
43,CAGTTTTTTG,412,250,1.67047e-53
44,CGGTTTGTGG,408,247,2.03505e-52
45,TGCGCTGCTT,237,245,7.10302e-52
46,TTTTTGGCAA,336,242,2.4792e-51
47,AGTGTGGGCG,258,241,8.65325e-51
48,CTTAGAATCG,2419,3277,0
49,TATAA-TTAT,2246,3188,0
50,ACTTACCCGG,1931,1621,0
51,TGACAGTTTT,375,328,1.12456e-74
52,TGACAGTTTT,372,295,1.90432e-65
53,AAGAAGAGAG,500,278,4.19455e-61
54,TGGCAAATTG,335,266,7.58392e-58
55,GTGGGCGTGG,272,260,3.22477e-56
56,CAGTTTTTTG,412,250,1.67047e-53
57,AGTGTGGGCG,271,249,5.83051e-53
58,CGGTTTGTGG,408,247,2.03505e-52
59,TGCGCTGCTT,237,245,7.10302e-52
60,TTTTTGGCAA,336,242,2.4792e-51
61,AGTGTGGGCG,258,241,8.65325e-51
62,CTTAGAATCG,2419,3277,0
63,TATAA-TTAT,2246,3188,0
64,ACTTACCCGG,1931,1621,0
65,TGACAGTTTT,375,328,1.12456e-74
66,TGACAGTTTT,372,295,1.90432e-65
67,CAGTTTTTTG,412,250,1.67047e-53
68,TTTTTGGCAA,336,242,2.4792e-51
69,ATTACCAGCA,2016,3086,0
70,TCATTTGCAT,1689,2514,0
71,CCGGCGACAT,690,492,3.43398e-119
72,CTTCCTCGTC,289,418,4.18715e-99
73,TTACCCGGCG,215,320,1.669e-72
74,CTCCATCTGT,204,308,3.01761e-69
75,ATTACCAGCA,2016,3066,0
76,TTTACATATA,1904,2735,0
77,CTTCCTCGTC,289,418,4.18715e-99
78,TTACCCGGCG,215,325,1.36999e-73
79,CTCCATCTGT,204,308,3.01761e-69
80,ATTACCAGCA,2016,3063,0
81,CATTCCTTTT,1981,2823,0
82,CCGGCGACAT,725,570,2.31176e-140
83,CTTCCTCGTC,289,408,2.16899e-96
84,TTACCCGGCG,215,340,6.21977e-78
85,CTCCATCTGT,204,284,9.86463e-63
86,ATTACCAGCA,2016,3063,0
87,TTATTTGTTG,1547,2240,0
88,CTTCCTCGTC,289,408,2.16899e-96
89,TTACCCGGCG,215,340,6.21977e-78
90,CTCCATCTGT,204,284,9.86463e-63
91,ATTACCAGCA,2016,3063,0
92,TTTTTGCATT,1987,2830,0
93,CCGGCGACAT,655,460,1.66605e-110
94,CTTCCTCGTC,289,408,2.16899e-96
95,TTACCCGGCG,215,340,6.21977e-78
96,CTCCATCTGT,204,284,9.86463e-63
97,TTTTTGCATT,2043,2028,0
98,ACCGAATGAG,2042,1842,0
99,CTCCATCTGT,196,242,2.4792e-51
100,CTTTTTTATG,2053,1930,0
101,CTTTTTTATG,2053,1930,0
102,ATTACCAGCA,2058,1785,0
103,TTTGCATTC-,2075,1914,0
104,ATTACCAGCA,2066,1875,0
105,TTTTTTATGG,2027,1880,0
106,ACCGAATGAG,2041,1730,0
107,CCAGCAGAGG,2055,1691,0
108,TATATATATA,1948,1404,0
109,CCAGCAGAGG,2055,1691,0
110,TTATTTGTTG,1568,1356,0
111,ATTACCAGCA,2057,1661,0
112,TTGCATATCC,1741,1534,0
113,CTCCATCTGT,205,260,3.22477e-56
114,ATTACCAGCA,2057,1661,0
115,ATTTGTTGAC,1599,1387,0
116,CTCCATCTGT,205,260,3.22477e-56
117,ACCGAATGAG,2039,1635,0
118,TTGCATATCC,1741,1534,0
119,CTCCATCTGT,196,257,3.92857e-55
120,CTTAGAATCG,1256,1610,0
121,TGACAGTTTT,375,328,1.12456e-74
122,CAGTTTTTTG,412,250,1.67047e-53
123,TTTTTGGCAA,336,242,2.4792e-51
124,TTTTTATGGA,2016,1365,0
125,ACCAGCAGAG,2074,1198,0
126,ACCAGCAGAG,2074,1198,0
127,ATTTGTTGAC,1520,1193,0
128,ACCAGCAGAG,2074,1198,0
129,ATTTGTTGAC,1520,1193,0
130,AAAACATCTA,1751,789,0
131,AATGAGTCCA,1835,619,2.16326e-153
132,AAAACATCTA,1751,784,0
133,AATGAGTCCA,1835,639,8.0617e-159
134,TTATTTGTTG,1545,580,4.46274e-143
135,AAAGAAAGAA,408,445,3.66972e-106
136,AAAGAAAGAA,408,445,3.66972e-106
137,AAAGAAAGAA,408,427,2.82128e-101
138,AAAGAAAGAA,375,427,2.82128e-101
139,AAAGAAAGAA,405,421,1.19964e-99
140,CCGGCGACAT,607,419,4.18715e-99
141,CTTCCTCGTC,289,408,2.16899e-96
142,TTTCTTCTTT,546,354,9.85592e-82
143,AAAGAAAGAA,385,415,5.10099e-98
144,TTGTGCCTGT,174,348,4.19085e-80
145,TCTAACGAAC,157,314,7.09675e-71
146,AAAGAAAGAA,226,335,2.64471e-76
147,TGACAGTTTT,313,274,5.11001e-60
148,AAAGAAAGAA,227,333,9.23095e-76
149,CAGTTTTTTG,281,273,1.78357e-59
150,AAAGAAAGAA,227,333,9.23095e-76
151,CAGTTTTTTG,281,273,1.78357e-59
152,AAAGAAAGAA,227,333,9.23095e-76
153,CAGTTTTTTG,268,247,2.03505e-52
154,AAAGAAAGAA,226,331,3.22192e-75
155,TGACAGTTTT,284,274,5.11001e-60
156,AAAGAAAGAA,227,314,7.09675e-71
157,CAGTTTTTTG,281,273,1.78357e-59
158,AAAGAAAGAA,227,314,7.09675e-71
159,CAGTTTTTTG,281,273,1.78357e-59
160,AAAGAAAGAA,227,314,7.09675e-71
161,CAGTTTTTTG,281,273,1.78357e-59
162,AAAGAAAGAA,227,314,7.09675e-71
163,CAGTTTTTTG,281,273,1.78357e-59
164,AAAGAAAGAA,227,314,7.09675e-71
165,CGGTTTGTGG,271,253,4.78598e-54
166,AAAGAAAGAA,227,314,7.09675e-71
167,CGGTTTGTGG,271,253,4.78598e-54
168,AAAGAAAGAA,226,309,3.01761e-69
169,TGACAGTTTT,284,274,5.11001e-60
170,AAAGAAAGAA,226,303,1.28312e-67
